date_ref,district_ref,total_cases,total_cured,total_deaths,increase_cases,percent_increase_cases
14,1,620044,624811,3989,2,0.0003
14,2,44697,44584,468,0,0.0
14,3,45870,46211,243,0,0.0
14,4,73687,73670,582,0,0.0
14,5,46684,46503,429,0,0.0
14,6,31510,31445,293,0,0.0
14,7,52961,53098,437,0,0.0
14,8,60964,60953,601,0,0.0
14,9,44497,44425,351,0,0.0
14,10,93481,94237,411,0,0.0
14,11,73763,74536,305,0,0.0
14,12,50287,50653,282,0,0.0
14,13,21453,21372,236,0,0.0
14,14,85624,86548,796,1,0.0012
14,15,23162,23070,250,0,0.0
14,16,39552,39396,438,1,0.0025
14,17,33232,33125,292,0,0.0
14,18,21464,21464,246,0,0.0
14,19,31736,31558,385,0,0.0
14,20,43080,42832,541,0,0.0
14,21,22403,22294,228,0,0.0
14,22,36018,36047,447,0,0.0
14,23,93161,93270,730,1,0.0011
14,24,32324,32165,318,0,0.0
14,25,36726,36578,315,0,0.0
14,26,23382,23235,284,0,0.0
14,27,20262,20187,293,2,0.0099
14,28,30356,30068,634,0,0.0
14,29,39097,39027,579,0,0.0
14,30,31771,31488,506,0,0.0
14,31,52775,52460,612,0,0.0
14,32,51184,50964,556,1,0.002
14,33,50757,50812,526,0,0.0
14,34,31901,31688,380,0,0.0
14,35,43653,43480,540,0,0.0
14,36,50729,50513,503,0,0.0
14,37,54661,54493,465,0,0.0
14,38,42260,42126,451,0,0.0
14,39,39919,39743,424,0,0.0
14,40,79021,79071,553,0,0.0
14,41,31707,31745,240,0,0.0
14,42,83430,83211,580,1,0.0012
14,43,35680,35552,325,0,0.0
14,44,49357,48911,577,0,0.0
14,45,39160,39014,287,0,0.0
14,46,50730,50569,601,0,0.0
14,47,48400,48304,409,0,0.0
14,48,83787,83891,664,0,0.0
14,49,46465,46345,440,0,0.0
14,50,64768,64579,525,0,0.0
14,51,40589,40684,428,1,0.0025
14,52,47869,47952,448,1,0.0021
14,53,30699,30659,280,1,0.0033
14,54,42298,42181,385,0,0.0
14,55,51357,51420,383,0,0.0
14,56,46826,46555,598,0,0.0
14,57,175448,175401,1459,2,0.0011
14,58,99921,99674,812,2,0.002
14,59,45856,45439,556,0,0.0
14,60,64672,64101,774,0,0.0
14,61,41706,41251,569,0,0.0
14,62,44629,44418,626,1,0.0022
14,63,12720,12590,183,0,0.0
14,64,107956,107579,1026,1,0.0009
14,65,48921,48663,427,1,0.002
14,66,56760,56650,507,0,0.0
14,67,51593,51315,474,0,0.0
14,68,46130,46113,525,1,0.0022
14,69,63820,63678,499,0,0.0
14,70,61532,61356,605,1,0.0016
14,71,93399,93005,826,1,0.0011
14,72,33438,33279,481,0,0.0
14,73,92372,92069,950,2,0.0022
14,74,101570,101188,1334,2,0.002
14,75,60431,60446,596,0,0.0
14,76,83078,83322,704,0,0.0
14,77,134888,134612,1494,0,0.0
15,1,620047,624816,3989,3,0.0005
15,2,44697,44584,468,0,0.0
15,3,45870,46211,243,0,0.0
15,4,73687,73671,582,0,0.0
15,5,46684,46503,429,0,0.0
15,6,31510,31445,293,0,0.0
15,7,52961,53098,437,0,0.0
15,8,60964,60953,601,0,0.0
15,9,44497,44425,351,0,0.0
15,10,93481,94237,411,0,0.0
15,11,73763,74536,305,0,0.0
15,12,50287,50653,282,0,0.0
15,13,21453,21372,236,0,0.0
15,14,85626,86548,796,2,0.0023
15,15,23162,23070,250,0,0.0
15,16,39552,39397,438,0,0.0
15,17,33232,33125,292,0,0.0
15,18,21464,21464,246,0,0.0
15,19,31736,31558,385,0,0.0
15,20,43080,42832,541,0,0.0
15,21,22404,22294,228,1,0.0045
15,22,36018,36047,447,0,0.0
15,23,93161,93270,730,0,0.0
15,24,32324,32165,318,0,0.0
15,25,36727,36579,315,1,0.0027
15,26,23382,23235,284,0,0.0
15,27,20262,20187,293,0,0.0
15,28,30356,30068,634,0,0.0
15,29,39097,39027,579,0,0.0
15,30,31771,31488,506,0,0.0
15,31,52775,52460,612,0,0.0
15,32,51184,50964,556,0,0.0
15,33,50757,50812,526,0,0.0
15,34,31901,31688,380,0,0.0
15,35,43654,43481,540,1,0.0023
15,36,50729,50513,503,0,0.0
15,37,54661,54494,465,0,0.0
15,38,42260,42126,451,0,0.0
15,39,39919,39743,424,0,0.0
15,40,79021,79071,553,0,0.0
15,41,31707,31745,240,0,0.0
15,42,83431,83211,580,1,0.0012
15,43,35680,35552,325,0,0.0
15,44,49357,48911,577,0,0.0
15,45,39160,39014,287,0,0.0
15,46,50730,50569,601,0,0.0
15,47,48400,48304,409,0,0.0
15,48,83787,83892,664,0,0.0
15,49,46465,46345,440,0,0.0
15,50,64768,64579,525,0,0.0
15,51,40589,40684,428,0,0.0
15,52,47869,47952,448,0,0.0
15,53,30699,30659,280,0,0.0
15,54,42298,42182,385,0,0.0
15,55,51357,51420,383,0,0.0
15,56,46826,46555,598,0,0.0
15,57,175448,175403,1459,0,0.0
15,58,99922,99674,812,1,0.001
15,59,45856,45440,556,0,0.0
15,60,64672,64101,774,0,0.0
15,61,41707,41251,569,1,0.0024
15,62,44629,44418,626,0,0.0
15,63,12720,12590,183,0,0.0
15,64,107956,107579,1026,0,0.0
15,65,48923,48663,427,2,0.0041
15,66,56760,56651,507,0,0.0
15,67,51593,51315,474,0,0.0
15,68,46130,46113,525,0,0.0
15,69,63820,63678,499,0,0.0
15,70,61533,61356,605,1,0.0016
15,71,93399,93005,826,0,0.0
15,72,33439,33280,481,1,0.003
15,73,92373,92070,950,1,0.0011
15,74,101570,101188,1334,0,0.0
15,75,60431,60446,596,0,0.0
15,76,83078,83322,704,0,0.0
15,77,134890,134612,1494,2,0.0015
16,1,620053,624817,3989,6,0.001
16,2,44697,44585,468,0,0.0
16,3,45870,46211,243,0,0.0
16,4,73688,73671,582,1,0.0014
16,5,46684,46503,429,0,0.0
16,6,31510,31445,293,0,0.0
16,7,52961,53098,437,0,0.0
16,8,60965,60953,601,1,0.0016
16,9,44497,44425,351,0,0.0
16,10,93481,94237,411,0,0.0
16,11,73763,74536,305,0,0.0
16,12,50287,50654,282,0,0.0
16,13,21453,21372,236,0,0.0
16,14,85626,86548,796,0,0.0
16,15,23162,23070,250,0,0.0
16,16,39552,39397,438,0,0.0
16,17,33232,33125,292,0,0.0
16,18,21464,21464,246,0,0.0
16,19,31736,31558,385,0,0.0
16,20,43080,42833,541,0,0.0
16,21,22404,22294,228,0,0.0
16,22,36018,36047,447,0,0.0
16,23,93161,93271,730,0,0.0
16,24,32324,32165,318,0,0.0
16,25,36727,36579,315,0,0.0
16,26,23382,23235,284,0,0.0
16,27,20262,20187,293,0,0.0
16,28,30356,30068,634,0,0.0
16,29,39097,39028,579,0,0.0
16,30,31771,31488,506,0,0.0
16,31,52775,52460,612,0,0.0
16,32,51184,50964,556,0,0.0
16,33,50757,50812,526,0,0.0
16,34,31901,31688,380,0,0.0
16,35,43654,43481,540,0,0.0
16,36,50729,50514,503,0,0.0
16,37,54662,54494,465,1,0.0018
16,38,42260,42126,451,0,0.0
16,39,39919,39743,424,0,0.0
16,40,79021,79071,553,0,0.0
16,41,31707,31745,240,0,0.0
16,42,83431,83211,580,0,0.0
16,43,35681,35552,325,1,0.0028
16,44,49357,48912,577,0,0.0
16,45,39160,39014,287,0,0.0
16,46,50730,50569,601,0,0.0
16,47,48400,48304,409,0,0.0
16,48,83787,83892,664,0,0.0
16,49,46465,46345,440,0,0.0
16,50,64769,64579,525,1,0.0015
16,51,40589,40684,428,0,0.0
16,52,47869,47952,448,0,0.0
16,53,30699,30659,280,0,0.0
16,54,42298,42183,385,0,0.0
16,55,51357,51421,383,0,0.0
16,56,46826,46555,598,0,0.0
16,57,175451,175403,1459,3,0.0017
16,58,99923,99674,812,1,0.001
16,59,45856,45440,556,0,0.0
16,60,64672,64101,774,0,0.0
16,61,41707,41251,569,0,0.0
16,62,44629,44418,626,0,0.0
16,63,12720,12590,183,0,0.0
16,64,107957,107579,1026,1,0.0009
16,65,48923,48663,427,0,0.0
16,66,56760,56651,507,0,0.0
16,67,51593,51315,474,0,0.0
16,68,46130,46113,525,0,0.0
16,69,63820,63679,499,0,0.0
16,70,61533,61356,605,0,0.0
16,71,93400,93005,826,1,0.0011
16,72,33439,33280,481,0,0.0
16,73,92373,92070,950,0,0.0
16,74,101570,101188,1334,0,0.0
16,75,60431,60446,596,0,0.0
16,76,83078,83322,704,0,0.0
16,77,134890,134612,1494,0,0.0
17,1,620054,624824,3989,1,0.0002
17,2,44697,44585,468,0,0.0
17,3,45870,46211,243,0,0.0
17,4,73688,73671,582,0,0.0
17,5,46684,46503,429,0,0.0
17,6,31510,31445,293,0,0.0
17,7,52961,53098,437,0,0.0
17,8,60965,60954,601,0,0.0
17,9,44497,44425,351,0,0.0
17,10,93481,94237,411,0,0.0
17,11,73763,74536,305,0,0.0
17,12,50287,50654,282,0,0.0
17,13,21453,21373,236,0,0.0
17,14,85626,86549,796,0,0.0
17,15,23162,23071,250,0,0.0
17,16,39553,39397,438,1,0.0025
17,17,33232,33127,292,0,0.0
17,18,21464,21465,246,0,0.0
17,19,31736,31558,385,0,0.0
17,20,43080,42836,541,0,0.0
17,21,22404,22296,228,0,0.0
17,22,36018,36049,447,0,0.0
17,23,93161,93271,730,0,0.0
17,24,32325,32165,318,1,0.0031
17,25,36727,36579,315,0,0.0
17,26,23382,23236,284,0,0.0
17,27,20262,20187,293,0,0.0
17,28,30356,30068,634,0,0.0
17,29,39097,39028,579,0,0.0
17,30,31771,31488,506,0,0.0
17,31,52775,52460,612,0,0.0
17,32,51184,50964,556,0,0.0
17,33,50757,50812,526,0,0.0
17,34,31901,31688,380,0,0.0
17,35,43654,43481,540,0,0.0
17,36,50729,50514,503,0,0.0
17,37,54662,54494,465,0,0.0
17,38,42260,42126,451,0,0.0
17,39,39919,39743,424,0,0.0
17,40,79021,79071,553,0,0.0
17,41,31707,31745,240,0,0.0
17,42,83431,83211,580,0,0.0
17,43,35681,35552,325,0,0.0
17,44,49357,48913,577,0,0.0
17,45,39160,39014,287,0,0.0
17,46,50730,50569,601,0,0.0
17,47,48400,48304,409,0,0.0
17,48,83788,83892,664,1,0.0012
17,49,46465,46345,440,0,0.0
17,50,64769,64579,525,0,0.0
17,51,40589,40684,428,0,0.0
17,52,47869,47953,448,0,0.0
17,53,30699,30659,280,0,0.0
17,54,42298,42183,385,0,0.0
17,55,51358,51421,384,1,0.0019
17,56,46827,46555,598,1,0.0021
17,57,175451,175403,1459,0,0.0
17,58,99923,99676,812,0,0.0
17,59,45857,45440,556,1,0.0022
17,60,64673,64101,774,1,0.0015
17,61,41707,41253,569,0,0.0
17,62,44629,44418,626,0,0.0
17,63,12720,12590,183,0,0.0
17,64,107957,107580,1026,0,0.0
17,65,48923,48663,427,0,0.0
17,66,56760,56652,507,0,0.0
17,67,51594,51315,474,1,0.0019
17,68,46131,46115,525,1,0.0022
17,69,63820,63679,499,0,0.0
17,70,61533,61358,605,0,0.0
17,71,93400,93005,826,0,0.0
17,72,33439,33280,481,0,0.0
17,73,92373,92071,950,0,0.0
17,74,101571,101189,1334,1,0.001
17,75,60431,60446,596,0,0.0
17,76,83079,83322,704,1,0.0012
17,77,134890,134613,1494,0,0.0
18,1,620057,624828,3989,3,0.0005
18,2,44697,44585,468,0,0.0
18,3,45870,46211,243,0,0.0
18,4,73688,73671,582,0,0.0
18,5,46684,46503,429,0,0.0
18,6,31510,31445,293,0,0.0
18,7,52962,53098,437,1,0.0019
18,8,60966,60954,601,1,0.0016
18,9,44498,44425,351,1,0.0022
18,10,93481,94237,411,0,0.0
18,11,73763,74536,305,0,0.0
18,12,50287,50654,282,0,0.0
18,13,21453,21373,236,0,0.0
18,14,85627,86549,796,1,0.0012
18,15,23162,23071,250,0,0.0
18,16,39553,39397,438,0,0.0
18,17,33232,33127,292,0,0.0
18,18,21465,21465,246,1,0.0047
18,19,31736,31558,385,0,0.0
18,20,43080,42836,541,0,0.0
18,21,22404,22296,228,0,0.0
18,22,36018,36049,447,0,0.0
18,23,93161,93272,730,0,0.0
18,24,32325,32166,318,0,0.0
18,25,36728,36580,315,1,0.0027
18,26,23382,23236,284,0,0.0
18,27,20262,20187,293,0,0.0
18,28,30356,30068,634,0,0.0
18,29,39097,39030,579,0,0.0
18,30,31771,31488,506,0,0.0
18,31,52775,52460,612,0,0.0
18,32,51184,50965,556,0,0.0
18,33,50757,50812,526,0,0.0
18,34,31901,31688,380,0,0.0
18,35,43654,43481,540,0,0.0
18,36,50729,50515,503,0,0.0
18,37,54662,54494,465,0,0.0
18,38,42260,42126,451,0,0.0
18,39,39919,39743,424,0,0.0
18,40,79021,79071,553,0,0.0
18,41,31707,31745,240,0,0.0
18,42,83431,83211,580,0,0.0
18,43,35681,35553,325,0,0.0
18,44,49357,48913,577,0,0.0
18,45,39160,39015,287,0,0.0
18,46,50730,50569,601,0,0.0
18,47,48400,48304,409,0,0.0
18,48,83788,83892,664,0,0.0
18,49,46465,46345,440,0,0.0
18,50,64769,64579,525,0,0.0
18,51,40589,40686,428,0,0.0
18,52,47869,47953,448,0,0.0
18,53,30699,30660,280,0,0.0
18,54,42298,42183,385,0,0.0
18,55,51358,51421,384,0,0.0
18,56,46827,46556,598,0,0.0
18,57,175451,175406,1459,0,0.0
18,58,99923,99677,812,0,0.0
18,59,45857,45441,556,0,0.0
18,60,64673,64101,774,0,0.0
18,61,41708,41253,569,1,0.0024
18,62,44629,44418,626,0,0.0
18,63,12720,12590,183,0,0.0
18,64,107957,107581,1026,0,0.0
18,65,48923,48663,427,0,0.0
18,66,56760,56655,507,0,0.0
18,67,51594,51315,474,0,0.0
18,68,46131,46115,525,0,0.0
18,69,63820,63680,499,0,0.0
18,70,61533,61358,605,0,0.0
18,71,93400,93005,826,0,0.0
18,72,33439,33280,481,0,0.0
18,73,92373,92071,950,0,0.0
18,74,101571,101189,1334,0,0.0
18,75,60431,60447,596,0,0.0
18,76,83080,83324,704,1,0.0012
18,77,134891,134613,1494,1,0.0007
19,1,620057,624835,3989,0,0.0
19,2,44697,44585,468,0,0.0
19,3,45870,46212,243,0,0.0
19,4,73688,73671,582,0,0.0
19,5,46684,46503,429,0,0.0
19,6,31510,31445,293,0,0.0
19,7,52962,53098,437,0,0.0
19,8,60966,60954,601,0,0.0
19,9,44498,44425,351,0,0.0
19,10,93481,94237,411,0,0.0
19,11,73763,74536,305,0,0.0
19,12,50287,50654,282,0,0.0
19,13,21453,21373,236,0,0.0
19,14,85627,86549,796,0,0.0
19,15,23162,23071,250,0,0.0
19,16,39553,39397,438,0,0.0
19,17,33232,33127,292,0,0.0
19,18,21465,21465,246,0,0.0
19,19,31736,31558,385,0,0.0
19,20,43080,42837,541,0,0.0
19,21,22404,22296,228,0,0.0
19,22,36018,36049,447,0,0.0
19,23,93161,93273,730,0,0.0
19,24,32325,32166,318,0,0.0
19,25,36728,36580,315,0,0.0
19,26,23382,23237,284,0,0.0
19,27,20262,20187,293,0,0.0
19,28,30356,30069,634,0,0.0
19,29,39097,39030,579,0,0.0
19,30,31771,31488,506,0,0.0
19,31,52775,52460,612,0,0.0
19,32,51184,50965,556,0,0.0
19,33,50757,50812,526,0,0.0
19,34,31901,31688,380,0,0.0
19,35,43654,43481,540,0,0.0
19,36,50729,50515,503,0,0.0
19,37,54662,54494,465,0,0.0
19,38,42260,42126,451,0,0.0
19,39,39919,39743,424,0,0.0
19,40,79021,79072,553,0,0.0
19,41,31707,31745,240,0,0.0
19,42,83431,83211,580,0,0.0
19,43,35681,35553,325,0,0.0
19,44,49357,48913,577,0,0.0
19,45,39160,39015,287,0,0.0
19,46,50730,50569,601,0,0.0
19,47,48400,48305,409,0,0.0
19,48,83788,83892,664,0,0.0
19,49,46465,46345,440,0,0.0
19,50,64769,64579,525,0,0.0
19,51,40589,40686,428,0,0.0
19,52,47869,47953,448,0,0.0
19,53,30699,30660,280,0,0.0
19,54,42298,42185,385,0,0.0
19,55,51359,51422,384,1,0.0019
19,56,46827,46557,598,0,0.0
19,57,175451,175406,1459,0,0.0
19,58,99924,99677,812,1,0.001
19,59,45857,45442,556,0,0.0
19,60,64673,64103,774,0,0.0
19,61,41708,41253,569,0,0.0
19,62,44629,44419,626,0,0.0
19,63,12720,12590,183,0,0.0
19,64,107957,107586,1026,0,0.0
19,65,48923,48663,427,0,0.0
19,66,56760,56658,507,0,0.0
19,67,51594,51316,474,0,0.0
19,68,46131,46116,525,0,0.0
19,69,63820,63681,499,0,0.0
19,70,61533,61358,605,0,0.0
19,71,93400,93005,826,0,0.0
19,72,33439,33280,481,0,0.0
19,73,92373,92071,950,0,0.0
19,74,101571,101189,1334,0,0.0
19,75,60431,60450,596,0,0.0
19,76,83080,83324,704,0,0.0
19,77,134891,134613,1494,0,0.0
20,1,620057,624842,3989,0,0.0
20,2,44697,44585,468,0,0.0
20,3,45870,46212,243,0,0.0
20,4,73688,73672,582,0,0.0
20,5,46684,46503,429,0,0.0
20,6,31510,31445,293,0,0.0
20,7,52962,53098,437,0,0.0
20,8,60966,60955,601,0,0.0
20,9,44498,44425,351,0,0.0
20,10,93481,94237,411,0,0.0
20,11,73763,74536,305,0,0.0
20,12,50287,50654,282,0,0.0
20,13,21453,21373,236,0,0.0
20,14,85627,86549,796,0,0.0
20,15,23162,23071,250,0,0.0
20,16,39553,39397,438,0,0.0
20,17,33232,33127,292,0,0.0
20,18,21465,21465,246,0,0.0
20,19,31736,31558,385,0,0.0
20,20,43080,42837,541,0,0.0
20,21,22404,22296,228,0,0.0
20,22,36018,36049,447,0,0.0
20,23,93161,93275,730,0,0.0
20,24,32325,32166,318,0,0.0
20,25,36728,36580,315,0,0.0
20,26,23382,23237,284,0,0.0
20,27,20262,20188,293,0,0.0
20,28,30356,30070,634,0,0.0
20,29,39097,39030,579,0,0.0
20,30,31771,31488,506,0,0.0
20,31,52775,52460,612,0,0.0
20,32,51184,50965,556,0,0.0
20,33,50757,50812,526,0,0.0
20,34,31901,31688,380,0,0.0
20,35,43654,43481,540,0,0.0
20,36,50729,50515,503,0,0.0
20,37,54662,54494,465,0,0.0
20,38,42260,42126,451,0,0.0
20,39,39919,39743,424,0,0.0
20,40,79021,79072,553,0,0.0
20,41,31707,31745,240,0,0.0
20,42,83431,83212,580,0,0.0
20,43,35681,35553,325,0,0.0
20,44,49357,48914,577,0,0.0
20,45,39160,39015,287,0,0.0
20,46,50730,50570,601,0,0.0
20,47,48400,48305,409,0,0.0
20,48,83789,83893,664,1,0.0012
20,49,46465,46345,440,0,0.0
20,50,64769,64579,525,0,0.0
20,51,40589,40686,428,0,0.0
20,52,47869,47953,448,0,0.0
20,53,30699,30660,280,0,0.0
20,54,42298,42186,385,0,0.0
20,55,51359,51423,384,0,0.0
20,56,46827,46557,598,0,0.0
20,57,175451,175406,1459,0,0.0
20,58,99924,99678,812,0,0.0
20,59,45857,45442,556,0,0.0
20,60,64673,64104,774,0,0.0
20,61,41708,41253,569,0,0.0
20,62,44629,44419,626,0,0.0
20,63,12720,12590,183,0,0.0
20,64,107957,107589,1026,0,0.0
20,65,48923,48663,427,0,0.0
20,66,56760,56658,507,0,0.0
20,67,51594,51316,474,0,0.0
20,68,46131,46116,525,0,0.0
20,69,63820,63681,499,0,0.0
20,70,61533,61358,605,0,0.0
20,71,93400,93005,826,0,0.0
20,72,33439,33280,481,0,0.0
20,73,92373,92074,950,0,0.0
20,74,101571,101190,1334,0,0.0
20,75,60431,60453,596,0,0.0
20,76,83080,83324,704,0,0.0
20,77,134891,134613,1494,0,0.0
21,1,620059,624846,3990,2,0.0003
21,2,44697,44585,468,0,0.0
21,3,45870,46212,243,0,0.0
21,4,73688,73673,582,0,0.0
21,5,46684,46503,429,0,0.0
21,6,31510,31445,293,0,0.0
21,7,52962,53098,437,0,0.0
21,8,60966,60955,601,0,0.0
21,9,44498,44425,351,0,0.0
21,10,93481,94238,411,0,0.0
21,11,73764,74538,305,1,0.0014
21,12,50287,50654,282,0,0.0
21,13,21453,21373,236,0,0.0
21,14,85628,86549,796,1,0.0012
21,15,23162,23071,250,0,0.0
21,16,39553,39397,438,0,0.0
21,17,33232,33127,292,0,0.0
21,18,21465,21465,246,0,0.0
21,19,31736,31558,385,0,0.0
21,20,43080,42837,541,0,0.0
21,21,22404,22296,228,0,0.0
21,22,36018,36049,447,0,0.0
21,23,93161,93275,730,0,0.0
21,24,32325,32166,318,0,0.0
21,25,36729,36580,315,1,0.0027
21,26,23382,23237,284,0,0.0
21,27,20263,20188,293,1,0.0049
21,28,30356,30070,634,0,0.0
21,29,39097,39030,579,0,0.0
21,30,31771,31488,506,0,0.0
21,31,52776,52460,612,1,0.0019
21,32,51184,50965,556,0,0.0
21,33,50758,50812,526,1,0.002
21,34,31901,31688,380,0,0.0
21,35,43655,43481,540,1,0.0023
21,36,50731,50515,503,2,0.0039
21,37,54662,54494,465,0,0.0
21,38,42260,42126,451,0,0.0
21,39,39919,39743,424,0,0.0
21,40,79021,79073,553,0,0.0
21,41,31707,31745,240,0,0.0
21,42,83432,83212,580,1,0.0012
21,43,35682,35553,325,1,0.0028
21,44,49357,48914,577,0,0.0
21,45,39160,39015,287,0,0.0
21,46,50731,50570,601,1,0.002
21,47,48400,48305,409,0,0.0
21,48,83790,83893,664,1,0.0012
21,49,46465,46345,440,0,0.0
21,50,64769,64579,525,0,0.0
21,51,40590,40686,428,1,0.0025
21,52,47869,47953,448,0,0.0
21,53,30701,30661,280,2,0.0065
21,54,42299,42187,385,1,0.0024
21,55,51359,51423,384,0,0.0
21,56,46828,46557,598,1,0.0021
21,57,175454,175408,1459,3,0.0017
21,58,99925,99678,812,1,0.001
21,59,45857,45442,556,0,0.0
21,60,64675,64104,774,2,0.0031
21,61,41708,41253,569,0,0.0
21,62,44629,44419,626,0,0.0
21,63,12720,12590,183,0,0.0
21,64,107957,107590,1026,0,0.0
21,65,48923,48663,427,0,0.0
21,66,56760,56658,507,0,0.0
21,67,51594,51316,474,0,0.0
21,68,46134,46118,525,3,0.0065
21,69,63821,63681,499,1,0.0016
21,70,61533,61359,605,0,0.0
21,71,93400,93005,826,0,0.0
21,72,33439,33280,481,0,0.0
21,73,92373,92074,950,0,0.0
21,74,101572,101192,1334,1,0.001
21,75,60432,60453,596,1,0.0017
21,76,83082,83324,704,2,0.0024
21,77,134891,134613,1494,0,0.0
22,1,620063,624846,3990,4,0.0006
22,2,44697,44585,468,0,0.0
22,3,45870,46212,243,0,0.0
22,4,73688,73673,582,0,0.0
22,5,46684,46503,429,0,0.0
22,6,31510,31445,293,0,0.0
22,7,52962,53098,437,0,0.0
22,8,60966,60955,601,0,0.0
22,9,44498,44425,351,0,0.0
22,10,93482,94239,411,1,0.0011
22,11,73764,74539,305,0,0.0
22,12,50287,50654,282,0,0.0
22,13,21453,21373,236,0,0.0
22,14,85628,86549,796,0,0.0
22,15,23162,23071,250,0,0.0
22,16,39553,39397,438,0,0.0
22,17,33233,33127,292,1,0.003
22,18,21465,21465,246,0,0.0
22,19,31736,31558,385,0,0.0
22,20,43081,42837,541,1,0.0023
22,21,22404,22296,228,0,0.0
22,22,36018,36049,447,0,0.0
22,23,93163,93275,730,2,0.0021
22,24,32325,32166,318,0,0.0
22,25,36729,36580,315,0,0.0
22,26,23382,23237,284,0,0.0
22,27,20263,20188,293,0,0.0
22,28,30356,30070,634,0,0.0
22,29,39097,39030,579,0,0.0
22,30,31771,31488,506,0,0.0
22,31,52776,52460,612,0,0.0
22,32,51185,50965,556,1,0.002
22,33,50758,50812,526,0,0.0
22,34,31901,31688,380,0,0.0
22,35,43655,43481,540,0,0.0
22,36,50731,50515,503,0,0.0
22,37,54662,54495,465,0,0.0
22,38,42260,42126,451,0,0.0
22,39,39919,39743,424,0,0.0
22,40,79021,79073,553,0,0.0
22,41,31707,31745,240,0,0.0
22,42,83432,83212,580,0,0.0
22,43,35682,35554,325,0,0.0
22,44,49357,48914,577,0,0.0
22,45,39160,39015,287,0,0.0
22,46,50732,50570,601,1,0.002
22,47,48400,48305,409,0,0.0
22,48,83791,83893,664,1,0.0012
22,49,46465,46345,440,0,0.0
22,50,64769,64579,525,0,0.0
22,51,40590,40686,428,0,0.0
22,52,47869,47954,448,0,0.0
22,53,30701,30661,280,0,0.0
22,54,42299,42187,385,0,0.0
22,55,51359,51423,384,0,0.0
22,56,46828,46557,598,0,0.0
22,57,175454,175408,1459,0,0.0
22,58,99926,99679,812,1,0.001
22,59,45857,45442,556,0,0.0
22,60,64675,64104,774,0,0.0
22,61,41708,41253,569,0,0.0
22,62,44629,44419,626,0,0.0
22,63,12720,12590,183,0,0.0
22,64,107957,107591,1026,0,0.0
22,65,48923,48663,427,0,0.0
22,66,56760,56658,507,0,0.0
22,67,51594,51316,474,0,0.0
22,68,46134,46120,525,0,0.0
22,69,63822,63681,499,1,0.0016
22,70,61533,61359,605,0,0.0
22,71,93400,93005,826,0,0.0
22,72,33440,33281,481,1,0.003
22,73,92374,92074,950,1,0.0011
22,74,101572,101192,1334,0,0.0
22,75,60434,60455,596,2,0.0033
22,76,83082,83326,704,0,0.0
22,77,134891,134613,1494,0,0.0
23,1,620068,624846,3990,5,0.0008
23,2,44697,44585,468,0,0.0
23,3,45871,46212,243,1,0.0022
23,4,73688,73673,582,0,0.0
23,5,46684,46503,429,0,0.0
23,6,31510,31445,293,0,0.0
23,7,52962,53098,437,0,0.0
23,8,60966,60955,601,0,0.0
23,9,44498,44425,351,0,0.0
23,10,93482,94239,411,0,0.0
23,11,73766,74539,305,2,0.0027
23,12,50287,50654,282,0,0.0
23,13,21453,21373,236,0,0.0
23,14,85628,86549,796,0,0.0
23,15,23162,23071,250,0,0.0
23,16,39553,39397,438,0,0.0
23,17,33233,33127,292,0,0.0
23,18,21465,21465,246,0,0.0
23,19,31736,31558,385,0,0.0
23,20,43081,42837,541,0,0.0
23,21,22404,22296,228,0,0.0
23,22,36018,36049,447,0,0.0
23,23,93163,93275,730,0,0.0
23,24,32326,32166,318,1,0.0031
23,25,36729,36580,315,0,0.0
23,26,23382,23237,284,0,0.0
23,27,20263,20188,293,0,0.0
23,28,30356,30070,634,0,0.0
23,29,39097,39030,579,0,0.0
23,30,31771,31488,506,0,0.0
23,31,52776,52460,612,0,0.0
23,32,51185,50965,556,0,0.0
23,33,50758,50812,526,0,0.0
23,34,31901,31688,380,0,0.0
23,35,43655,43481,540,0,0.0
23,36,50731,50515,503,0,0.0
23,37,54662,54495,465,0,0.0
23,38,42260,42126,451,0,0.0
23,39,39919,39743,424,0,0.0
23,40,79021,79073,553,0,0.0
23,41,31707,31745,240,0,0.0
23,42,83432,83213,580,0,0.0
23,43,35682,35554,325,0,0.0
23,44,49357,48914,577,0,0.0
23,45,39160,39015,287,0,0.0
23,46,50732,50570,601,0,0.0
23,47,48400,48305,409,0,0.0
23,48,83791,83894,664,0,0.0
23,49,46465,46345,440,0,0.0
23,50,64769,64579,525,0,0.0
23,51,40590,40686,428,0,0.0
23,52,47869,47954,448,0,0.0
23,53,30701,30661,280,0,0.0
23,54,42299,42187,385,0,0.0
23,55,51359,51424,384,0,0.0
23,56,46828,46557,598,0,0.0
23,57,175454,175408,1459,0,0.0
23,58,99926,99679,812,0,0.0
23,59,45857,45442,556,0,0.0
23,60,64675,64104,774,0,0.0
23,61,41709,41253,569,1,0.0024
23,62,44629,44419,626,0,0.0
23,63,12720,12590,183,0,0.0
23,64,107957,107591,1026,0,0.0
23,65,48923,48663,427,0,0.0
23,66,56763,56658,507,3,0.0053
23,67,51594,51316,474,0,0.0
23,68,46134,46120,525,0,0.0
23,69,63822,63681,499,0,0.0
23,70,61533,61359,605,0,0.0
23,71,93400,93005,826,0,0.0
23,72,33440,33281,481,0,0.0
23,73,92374,92074,950,0,0.0
23,74,101572,101192,1334,0,0.0
23,75,60434,60455,596,0,0.0
23,76,83082,83327,704,0,0.0
23,77,134891,134613,1494,0,0.0
24,1,620071,624851,3990,3,0.0005
24,2,44697,44585,468,0,0.0
24,3,45871,46212,243,0,0.0
24,4,73688,73673,582,0,0.0
24,5,46684,46503,429,0,0.0
24,6,31510,31445,293,0,0.0
24,7,52962,53098,437,0,0.0
24,8,60966,60955,601,0,0.0
24,9,44498,44425,351,0,0.0
24,10,93482,94239,411,0,0.0
24,11,73766,74539,305,0,0.0
24,12,50287,50654,282,0,0.0
24,13,21453,21373,236,0,0.0
24,14,85629,86550,796,1,0.0012
24,15,23162,23071,250,0,0.0
24,16,39553,39398,438,0,0.0
24,17,33233,33127,292,0,0.0
24,18,21465,21465,246,0,0.0
24,19,31737,31558,385,1,0.0032
24,20,43081,42837,541,0,0.0
24,21,22404,22296,228,0,0.0
24,22,36018,36049,447,0,0.0
24,23,93163,93276,730,0,0.0
24,24,32326,32166,318,0,0.0
24,25,36729,36580,315,0,0.0
24,26,23382,23237,284,0,0.0
24,27,20263,20190,293,0,0.0
24,28,30356,30070,634,0,0.0
24,29,39097,39030,579,0,0.0
24,30,31771,31488,506,0,0.0
24,31,52776,52461,612,0,0.0
24,32,51186,50966,556,1,0.002
24,33,50758,50813,526,0,0.0
24,34,31901,31688,380,0,0.0
24,35,43655,43481,540,0,0.0
24,36,50731,50515,503,0,0.0
24,37,54663,54495,465,1,0.0018
24,38,42260,42126,451,0,0.0
24,39,39919,39743,424,0,0.0
24,40,79021,79073,553,0,0.0
24,41,31708,31745,240,1,0.0032
24,42,83432,83213,580,0,0.0
24,43,35682,35554,325,0,0.0
24,44,49357,48914,577,0,0.0
24,45,39160,39015,287,0,0.0
24,46,50732,50570,601,0,0.0
24,47,48400,48305,409,0,0.0
24,48,83791,83894,664,0,0.0
24,49,46465,46345,440,0,0.0
24,50,64769,64579,525,0,0.0
24,51,40590,40687,428,0,0.0
24,52,47869,47956,448,0,0.0
24,53,30701,30661,280,0,0.0
24,54,42299,42187,385,0,0.0
24,55,51359,51424,384,0,0.0
24,56,46828,46557,598,0,0.0
24,57,175457,175411,1459,3,0.0017
24,58,99927,99680,812,1,0.001
24,59,45857,45442,556,0,0.0
24,60,64675,64104,774,0,0.0
24,61,41709,41253,569,0,0.0
24,62,44629,44420,626,0,0.0
24,63,12720,12590,183,0,0.0
24,64,107957,107592,1026,0,0.0
24,65,48923,48663,427,0,0.0
24,66,56763,56658,507,0,0.0
24,67,51594,51316,474,0,0.0
24,68,46134,46121,525,0,0.0
24,69,63822,63682,499,0,0.0
24,70,61533,61360,605,0,0.0
24,71,93400,93006,826,0,0.0
24,72,33440,33281,481,0,0.0
24,73,92374,92075,950,0,0.0
24,74,101572,101194,1334,0,0.0
24,75,60434,60455,596,0,0.0
24,76,83082,83327,704,0,0.0
24,77,134891,134613,1494,0,0.0
25,1,620071,624855,3990,0,0.0
25,2,44697,44586,468,0,0.0
25,3,45871,46212,243,0,0.0
25,4,73688,73675,582,0,0.0
25,5,46684,46503,429,0,0.0
25,6,31510,31445,293,0,0.0
25,7,52962,53098,437,0,0.0
25,8,60966,60956,601,0,0.0
25,9,44498,44425,351,0,0.0
25,10,93482,94239,411,0,0.0
25,11,73766,74539,305,0,0.0
25,12,50287,50654,282,0,0.0
25,13,21453,21373,236,0,0.0
25,14,85629,86552,796,0,0.0
25,15,23162,23071,250,0,0.0
25,16,39553,39398,438,0,0.0
25,17,33233,33127,292,0,0.0
25,18,21465,21465,246,0,0.0
25,19,31737,31558,385,0,0.0
25,20,43081,42837,541,0,0.0
25,21,22404,22297,228,0,0.0
25,22,36018,36049,447,0,0.0
25,23,93163,93276,730,0,0.0
25,24,32326,32166,318,0,0.0
25,25,36729,36580,315,0,0.0
25,26,23382,23237,284,0,0.0
25,27,20263,20190,293,0,0.0
25,28,30356,30070,634,0,0.0
25,29,39097,39030,579,0,0.0
25,30,31771,31488,506,0,0.0
25,31,52776,52461,612,0,0.0
25,32,51186,50966,556,0,0.0
25,33,50758,50813,526,0,0.0
25,34,31901,31688,380,0,0.0
25,35,43655,43482,540,0,0.0
25,36,50731,50515,503,0,0.0
25,37,54663,54495,465,0,0.0
25,38,42260,42126,451,0,0.0
25,39,39919,39743,424,0,0.0
25,40,79021,79073,553,0,0.0
25,41,31708,31745,240,0,0.0
25,42,83432,83214,580,0,0.0
25,43,35682,35554,325,0,0.0
25,44,49357,48914,577,0,0.0
25,45,39160,39015,287,0,0.0
25,46,50732,50570,601,0,0.0
25,47,48400,48306,409,0,0.0
25,48,83791,83894,664,0,0.0
25,49,46465,46345,440,0,0.0
25,50,64769,64580,525,0,0.0
25,51,40590,40687,428,0,0.0
25,52,47869,47956,448,0,0.0
25,53,30701,30661,280,0,0.0
25,54,42299,42187,385,0,0.0
25,55,51359,51424,384,0,0.0
25,56,46828,46558,598,0,0.0
25,57,175457,175413,1459,0,0.0
25,58,99927,99681,812,0,0.0
25,59,45857,45442,556,0,0.0
25,60,64675,64104,774,0,0.0
25,61,41709,41254,569,0,0.0
25,62,44629,44420,626,0,0.0
25,63,12720,12590,183,0,0.0
25,64,107957,107592,1026,0,0.0
25,65,48923,48665,427,0,0.0
25,66,56763,56659,507,0,0.0
25,67,51594,51317,474,0,0.0
25,68,46134,46122,525,0,0.0
25,69,63822,63682,499,0,0.0
25,70,61533,61362,605,0,0.0
25,71,93400,93006,826,0,0.0
25,72,33440,33282,481,0,0.0
25,73,92374,92078,950,0,0.0
25,74,101572,101194,1334,0,0.0
25,75,60434,60455,596,0,0.0
25,76,83082,83327,704,0,0.0
25,77,134891,134615,1494,0,0.0
26,1,620071,624859,3990,0,0.0
26,2,44697,44586,468,0,0.0
26,3,45871,46212,243,0,0.0
26,4,73688,73675,582,0,0.0
26,5,46684,46503,429,0,0.0
26,6,31510,31445,293,0,0.0
26,7,52962,53098,437,0,0.0
26,8,60966,60957,601,0,0.0
26,9,44498,44425,351,0,0.0
26,10,93482,94239,411,0,0.0
26,11,73766,74539,305,0,0.0
26,12,50287,50654,282,0,0.0
26,13,21453,21373,236,0,0.0
26,14,85629,86552,796,0,0.0
26,15,23162,23071,250,0,0.0
26,16,39553,39398,438,0,0.0
26,17,33233,33127,292,0,0.0
26,18,21465,21465,246,0,0.0
26,19,31737,31558,385,0,0.0
26,20,43081,42837,541,0,0.0
26,21,22404,22297,228,0,0.0
26,22,36018,36049,447,0,0.0
26,23,93163,93276,730,0,0.0
26,24,32326,32166,318,0,0.0
26,25,36729,36580,315,0,0.0
26,26,23382,23237,284,0,0.0
26,27,20263,20190,293,0,0.0
26,28,30356,30070,634,0,0.0
26,29,39097,39030,579,0,0.0
26,30,31771,31488,506,0,0.0
26,31,52778,52461,612,2,0.0038
26,32,51186,50966,556,0,0.0
26,33,50758,50813,526,0,0.0
26,34,31901,31688,380,0,0.0
26,35,43655,43482,540,0,0.0
26,36,50731,50515,503,0,0.0
26,37,54663,54496,465,0,0.0
26,38,42260,42126,451,0,0.0
26,39,39919,39743,424,0,0.0
26,40,79021,79073,553,0,0.0
26,41,31708,31745,240,0,0.0
26,42,83432,83214,580,0,0.0
26,43,35682,35554,325,0,0.0
26,44,49357,48914,577,0,0.0
26,45,39160,39015,287,0,0.0
26,46,50732,50570,601,0,0.0
26,47,48400,48306,409,0,0.0
26,48,83791,83894,664,0,0.0
26,49,46465,46345,440,0,0.0
26,50,64769,64580,525,0,0.0
26,51,40590,40687,428,0,0.0
26,52,47869,47956,448,0,0.0
26,53,30701,30661,280,0,0.0
26,54,42299,42188,385,0,0.0
26,55,51359,51425,384,0,0.0
26,56,46828,46558,598,0,0.0
26,57,175457,175416,1459,0,0.0
26,58,99927,99681,812,0,0.0
26,59,45857,45442,556,0,0.0
26,60,64675,64104,774,0,0.0
26,61,41709,41254,569,0,0.0
26,62,44629,44420,626,0,0.0
26,63,12720,12590,183,0,0.0
26,64,107957,107593,1026,0,0.0
26,65,48923,48665,427,0,0.0
26,66,56763,56659,507,0,0.0
26,67,51594,51317,474,0,0.0
26,68,46134,46122,525,0,0.0
26,69,63822,63682,499,0,0.0
26,70,61533,61362,605,0,0.0
26,71,93400,93007,826,0,0.0
26,72,33440,33282,481,0,0.0
26,73,92374,92078,950,0,0.0
26,74,101572,101194,1334,0,0.0
26,75,60434,60455,596,0,0.0
26,76,83082,83327,704,0,0.0
26,77,134891,134615,1494,0,0.0
